repo,path,source_commit,sha256
global,web/app/modules/jeux/hubs/app_games_hubs_functions.php,2546c24d87e33167013d184d882187d5601d2cf5,90325b6bb2439690683c8b3f51ebd0c488f68fd0eb57abf4ba240c52569a9e01
global,web/app/modules/jeux/programmation/app_programming_recommendations_functions.php,2546c24d87e33167013d184d882187d5601d2cf5,cd8797fd9dcb63691e350ce2bc0d4fda6d5023eb2e7d8c70640ad9d717ab979a
global,web/app/modules/jeux/sessions/app_sessions_functions.php,2546c24d87e33167013d184d882187d5601d2cf5,7d4c8612cb640973407e7ed4c0583a0f6869c07a3d894040ecc9ab5389ffd2f5
games,web/includes/canvas/core/boot_organizer.js,e660eb40d387890e7883b8431a8c0278b8d3498d,375defac5e484861f22bba82953b2e8a40271bed00e34dac87464a8c465ab564
games,web/includes/canvas/core/hub_transition.js,e660eb40d387890e7883b8431a8c0278b8d3498d,9c1a0782fa385edd27bddbd169e15a342d2acc8aa8183feef6043a023aef2750
games,web/includes/canvas/remote/remote-ui.js,e660eb40d387890e7883b8431a8c0278b8d3498d,cd30a2a92a2a5599e5d7d22b3e8e75438a153db9ea4002942dc4873e3b607238
games,web/modules/app_hub_remote_ajax.php,e660eb40d387890e7883b8431a8c0278b8d3498d,13c80aa40eea2eb477694f3d762227a5b6a10d6ba56e7c4af1167dc7aa3a2c8a
games,web/modules/app_hub_view_helpers.php,e660eb40d387890e7883b8431a8c0278b8d3498d,2a1b1da0a0a1a8ac475d7f891d3ea915921c6036214e138c6da0c16f8b02f522
games,web/organizer_canvas.php,e660eb40d387890e7883b8431a8c0278b8d3498d,fc5a91fa04157f805a7acf525b90ace561cc65d958239cf5f8ce6611ed4b7e01
games,web/remote_canvas.php,e660eb40d387890e7883b8431a8c0278b8d3498d,8fd18dd297d38514b6a4125792b9db86e9b0cc201640a6d213c7d839543722fa
pro,web/ec/modules/jeux/bibliotheque/ec_bibliotheque_script.php,536e6c24126263d72767138a7489fdce2513c003,8eb9d68d5e94f591854083213febd4711655dc4b15a61a79872062def4a25a66
pro,web/ec/modules/tunnel/start/ec_start_schedule_draft_helpers.php,536e6c24126263d72767138a7489fdce2513c003,0a76b86daacf167eae43f533733f8da083ae4684c73ef7c4ad609e262dbd2ac9
pro,web/ec/modules/tunnel/start/ec_start_script.php,536e6c24126263d72767138a7489fdce2513c003,7fcbfa7458ce110598cead8d30c58c9abdeeaa4b8fe3fb511c8ae5f1a0c865e0
pro,web/ec/modules/tunnel/start/ec_start_sessions_day_dashboard_view.php,536e6c24126263d72767138a7489fdce2513c003,16000f38c571d474ae32c6577d232b13f6196f5b6aead9e12d9c327c9e51ec01
